-- Adminer 4.8.1 PostgreSQL 17.0 (Debian 17.0-1.pgdg120+1) dump

DROP TABLE IF EXISTS "_prisma_migrations";
CREATE TABLE "public"."_prisma_migrations" (
    "id" character varying(36) NOT NULL,
    "checksum" character varying(64) NOT NULL,
    "finished_at" timestamptz,
    "migration_name" character varying(255) NOT NULL,
    "logs" text,
    "rolled_back_at" timestamptz,
    "started_at" timestamptz DEFAULT now() NOT NULL,
    "applied_steps_count" integer DEFAULT '0' NOT NULL,
    CONSTRAINT "_prisma_migrations_pkey" PRIMARY KEY ("id")
) WITH (oids = false);

INSERT INTO "_prisma_migrations" ("id", "checksum", "finished_at", "migration_name", "logs", "rolled_back_at", "started_at", "applied_steps_count") VALUES
('cf3c8c5c-70fe-41e4-96a4-06d970684c9c',	'7893b1452020e081f480e93e3f052ee978491babc8c2a4ad608efbfdba56dd6f',	'2024-10-26 02:43:46.079976+00',	'20241026020233_init',	NULL,	NULL,	'2024-10-26 02:43:46.067888+00',	1);

DROP TABLE IF EXISTS "absent";
CREATE TABLE "public"."absent" (
    "id" text NOT NULL,
    "absentDateId" text NOT NULL,
    "userId" integer NOT NULL,
    "status" character varying(100),
    "arrivalAbsent" boolean,
    "returnAbsent" boolean,
    "information" text,
    "createdAt" timestamp(3) DEFAULT CURRENT_TIMESTAMP NOT NULL,
    "updatedAt" timestamp(3) DEFAULT CURRENT_TIMESTAMP NOT NULL,
    CONSTRAINT "absent_pkey" PRIMARY KEY ("id")
) WITH (oids = false);

INSERT INTO "absent" ("id", "absentDateId", "userId", "status", "arrivalAbsent", "returnAbsent", "information", "createdAt", "updatedAt") VALUES
('347ee433-4732-4038-b0b7-909a34f7c9b1',	'06e06288-23a2-4b34-b38c-ae50f2014482',	2,	NULL,	NULL,	NULL,	NULL,	'2024-10-28 14:30:14.138',	'2024-10-28 14:30:14.138'),
('85ecc95c-47c5-408b-a089-68776ca44cc3',	'06e06288-23a2-4b34-b38c-ae50f2014482',	3,	NULL,	NULL,	NULL,	NULL,	'2024-10-28 14:30:14.138',	'2024-10-28 14:30:14.138'),
('3e79dbe0-072b-485b-828c-87d00f2e0cbd',	'06e06288-23a2-4b34-b38c-ae50f2014482',	20,	NULL,	NULL,	NULL,	NULL,	'2024-10-28 14:30:14.138',	'2024-10-28 14:30:14.138'),
('ff021e96-09c2-478a-a271-092b78131a75',	'06e06288-23a2-4b34-b38c-ae50f2014482',	21,	NULL,	NULL,	NULL,	NULL,	'2024-10-28 14:30:14.138',	'2024-10-28 14:30:14.138'),
('239848b3-891a-4c23-84ca-1e901c9d738c',	'd5db12f2-ee58-464f-8b37-18d222f5d04f',	2,	NULL,	NULL,	NULL,	NULL,	'2024-10-28 14:30:14.138',	'2024-10-28 14:30:14.138'),
('0b3209c4-7780-4f3a-82b0-c089a106b7c9',	'd5db12f2-ee58-464f-8b37-18d222f5d04f',	3,	NULL,	NULL,	NULL,	NULL,	'2024-10-28 14:30:14.138',	'2024-10-28 14:30:14.138'),
('f84f50a3-e7dd-4a9a-b63a-7f0b031a5567',	'd5db12f2-ee58-464f-8b37-18d222f5d04f',	20,	NULL,	NULL,	NULL,	NULL,	'2024-10-28 14:30:14.138',	'2024-10-28 14:30:14.138'),
('11d63353-f267-4827-838f-a0e6031ffc81',	'd5db12f2-ee58-464f-8b37-18d222f5d04f',	21,	NULL,	NULL,	NULL,	NULL,	'2024-10-28 14:30:14.138',	'2024-10-28 14:30:14.138'),
('dc881b84-31d7-43d0-aea0-a75f0f7b1697',	'dc2be5e8-787c-46f9-b9c1-9d26e6a939d1',	2,	NULL,	NULL,	NULL,	NULL,	'2024-10-28 14:30:14.138',	'2024-10-28 14:30:14.138'),
('0c6165ed-7ca2-4ddc-be60-74c799728bc8',	'dc2be5e8-787c-46f9-b9c1-9d26e6a939d1',	3,	NULL,	NULL,	NULL,	NULL,	'2024-10-28 14:30:14.138',	'2024-10-28 14:30:14.138'),
('a9a37e42-76ee-46d1-a864-e1373aa75b9e',	'dc2be5e8-787c-46f9-b9c1-9d26e6a939d1',	20,	NULL,	NULL,	NULL,	NULL,	'2024-10-28 14:30:14.138',	'2024-10-28 14:30:14.138'),
('bfe50613-4350-4361-a601-33ef2e63fa5f',	'dc2be5e8-787c-46f9-b9c1-9d26e6a939d1',	21,	NULL,	NULL,	NULL,	NULL,	'2024-10-28 14:30:14.138',	'2024-10-28 14:30:14.138'),
('44a28e2d-e755-492a-8705-97d4e909a7c9',	'd9fbb983-df47-468f-98e4-be2ded9b9edf',	2,	NULL,	NULL,	NULL,	NULL,	'2024-10-28 14:30:14.138',	'2024-10-28 14:30:14.138'),
('15eca562-3494-4a5c-ba4c-e2a668a34e44',	'd9fbb983-df47-468f-98e4-be2ded9b9edf',	3,	NULL,	NULL,	NULL,	NULL,	'2024-10-28 14:30:14.138',	'2024-10-28 14:30:14.138'),
('b128b975-f9b1-4c24-9daf-13978f182b67',	'd9fbb983-df47-468f-98e4-be2ded9b9edf',	20,	NULL,	NULL,	NULL,	NULL,	'2024-10-28 14:30:14.138',	'2024-10-28 14:30:14.138'),
('c52a6d89-5cf5-4f7c-afcc-11830b9d5bf4',	'd9fbb983-df47-468f-98e4-be2ded9b9edf',	21,	NULL,	NULL,	NULL,	NULL,	'2024-10-28 14:30:14.138',	'2024-10-28 14:30:14.138'),
('6bb57a29-07d7-46ba-a9b3-03cc89b57b23',	'37f3f786-593d-4d93-9036-6abe4abd82a4',	2,	NULL,	NULL,	NULL,	NULL,	'2024-10-28 14:30:14.138',	'2024-10-28 14:30:14.138'),
('6853ce1a-8884-4f5b-a7e0-d746a609cbe2',	'37f3f786-593d-4d93-9036-6abe4abd82a4',	3,	NULL,	NULL,	NULL,	NULL,	'2024-10-28 14:30:14.138',	'2024-10-28 14:30:14.138'),
('5faf886f-8b29-4e54-bb3c-b7f0c4e3c692',	'37f3f786-593d-4d93-9036-6abe4abd82a4',	20,	NULL,	NULL,	NULL,	NULL,	'2024-10-28 14:30:14.138',	'2024-10-28 14:30:14.138'),
('fd5acfb8-43bc-4a5d-8e2c-e0e752bfd2c5',	'37f3f786-593d-4d93-9036-6abe4abd82a4',	21,	NULL,	NULL,	NULL,	NULL,	'2024-10-28 14:30:14.138',	'2024-10-28 14:30:14.138'),
('cb6b4945-4fc3-48ea-87c5-86778296e7ed',	'1228ee82-a63e-4b5d-b0d1-a6ff7a218205',	2,	NULL,	NULL,	NULL,	NULL,	'2024-10-28 14:30:14.138',	'2024-10-28 14:30:14.138'),
('75a68c1d-63ae-44b2-8b7c-b2ab9238202d',	'1228ee82-a63e-4b5d-b0d1-a6ff7a218205',	3,	NULL,	NULL,	NULL,	NULL,	'2024-10-28 14:30:14.138',	'2024-10-28 14:30:14.138'),
('a0eae2fd-e56c-43d2-bc7c-00c1229168f9',	'1228ee82-a63e-4b5d-b0d1-a6ff7a218205',	20,	NULL,	NULL,	NULL,	NULL,	'2024-10-28 14:30:14.138',	'2024-10-28 14:30:14.138'),
('b6caa966-2069-45eb-8b69-76200d0367f6',	'1228ee82-a63e-4b5d-b0d1-a6ff7a218205',	21,	NULL,	NULL,	NULL,	NULL,	'2024-10-28 14:30:14.138',	'2024-10-28 14:30:14.138'),
('1f8bb6b1-eb3d-407e-8669-77cd82eb58db',	'ff32b466-56c2-4e81-b8c0-d6e34a57f7ce',	2,	NULL,	NULL,	NULL,	NULL,	'2024-10-28 14:30:14.138',	'2024-10-28 14:30:14.138'),
('d348658c-b56a-4590-91ff-dee7b0c728a3',	'ff32b466-56c2-4e81-b8c0-d6e34a57f7ce',	3,	NULL,	NULL,	NULL,	NULL,	'2024-10-28 14:30:14.138',	'2024-10-28 14:30:14.138'),
('fccd528c-21c8-46c4-93c7-caee4b99007b',	'ff32b466-56c2-4e81-b8c0-d6e34a57f7ce',	20,	NULL,	NULL,	NULL,	NULL,	'2024-10-28 14:30:14.138',	'2024-10-28 14:30:14.138'),
('fc897afc-6253-490f-ac31-fbce504ffb2a',	'ff32b466-56c2-4e81-b8c0-d6e34a57f7ce',	21,	NULL,	NULL,	NULL,	NULL,	'2024-10-28 14:30:14.138',	'2024-10-28 14:30:14.138'),
('91916af2-bb5e-4727-a24f-743d25db7ecc',	'bb515ebc-34c3-40c4-9d25-59a23fe3a93c',	2,	NULL,	NULL,	NULL,	NULL,	'2024-10-28 14:30:14.138',	'2024-10-28 14:30:14.138'),
('9afe0da2-03ff-4918-b136-a55bce40b823',	'bb515ebc-34c3-40c4-9d25-59a23fe3a93c',	3,	NULL,	NULL,	NULL,	NULL,	'2024-10-28 14:30:14.138',	'2024-10-28 14:30:14.138'),
('720d9f7e-593e-4d9d-bd48-c9fd65271781',	'bb515ebc-34c3-40c4-9d25-59a23fe3a93c',	20,	NULL,	NULL,	NULL,	NULL,	'2024-10-28 14:30:14.138',	'2024-10-28 14:30:14.138'),
('6cc8932b-a173-4707-a0c6-8496356c1f4b',	'bb515ebc-34c3-40c4-9d25-59a23fe3a93c',	21,	NULL,	NULL,	NULL,	NULL,	'2024-10-28 14:30:14.138',	'2024-10-28 14:30:14.138'),
('b628b35b-b0f4-4a5a-a8e8-eea03741baac',	'32e7bc77-5dac-42f1-843c-df4570ed208b',	2,	NULL,	NULL,	NULL,	NULL,	'2024-10-28 14:30:14.138',	'2024-10-28 14:30:14.138'),
('0eb75cb7-3a45-4371-908a-b913ace294e1',	'32e7bc77-5dac-42f1-843c-df4570ed208b',	3,	NULL,	NULL,	NULL,	NULL,	'2024-10-28 14:30:14.138',	'2024-10-28 14:30:14.138'),
('0bdea9e8-a20a-4077-90f6-cd8cba755248',	'32e7bc77-5dac-42f1-843c-df4570ed208b',	20,	NULL,	NULL,	NULL,	NULL,	'2024-10-28 14:30:14.138',	'2024-10-28 14:30:14.138'),
('36e54b86-27e5-4bb8-88ae-6cff5fb36adb',	'32e7bc77-5dac-42f1-843c-df4570ed208b',	21,	NULL,	NULL,	NULL,	NULL,	'2024-10-28 14:30:14.138',	'2024-10-28 14:30:14.138'),
('1bb981e1-cedf-4c28-8d0d-10177f2039ff',	'aa66460b-ac2d-4781-bcac-8143371f1211',	2,	NULL,	NULL,	NULL,	NULL,	'2024-10-28 14:30:14.138',	'2024-10-28 14:30:14.138'),
('ed6b085e-973a-42c3-b461-1ce8ba42d5c9',	'aa66460b-ac2d-4781-bcac-8143371f1211',	3,	NULL,	NULL,	NULL,	NULL,	'2024-10-28 14:30:14.138',	'2024-10-28 14:30:14.138'),
('2429c7b7-acd0-4310-b9d7-a90b390b775f',	'aa66460b-ac2d-4781-bcac-8143371f1211',	20,	NULL,	NULL,	NULL,	NULL,	'2024-10-28 14:30:14.138',	'2024-10-28 14:30:14.138'),
('8cffb64e-eb6e-498d-ac1f-ab7252ef8698',	'aa66460b-ac2d-4781-bcac-8143371f1211',	21,	NULL,	NULL,	NULL,	NULL,	'2024-10-28 14:30:14.138',	'2024-10-28 14:30:14.138'),
('7fa22531-d6db-408b-a3f0-be02401a3d26',	'9b53293b-20b5-40e8-a0ee-e08ef5cf8940',	2,	NULL,	NULL,	NULL,	NULL,	'2024-10-28 14:30:14.138',	'2024-10-28 14:30:14.138'),
('0fe910b2-7345-48d5-a1bf-d8fa26a4a6cb',	'9b53293b-20b5-40e8-a0ee-e08ef5cf8940',	3,	NULL,	NULL,	NULL,	NULL,	'2024-10-28 14:30:14.138',	'2024-10-28 14:30:14.138'),
('9c27d00b-f255-44a9-869f-05a230199ee7',	'9b53293b-20b5-40e8-a0ee-e08ef5cf8940',	20,	NULL,	NULL,	NULL,	NULL,	'2024-10-28 14:30:14.138',	'2024-10-28 14:30:14.138'),
('c6f0ee83-90c0-417d-a44b-b5c0e61e5c60',	'9b53293b-20b5-40e8-a0ee-e08ef5cf8940',	21,	NULL,	NULL,	NULL,	NULL,	'2024-10-28 14:30:14.138',	'2024-10-28 14:30:14.138'),
('05c681f7-50d0-4c9e-8b83-b8756bb6dbbd',	'58ac785b-075a-42c0-8d34-2164542f91a2',	2,	NULL,	NULL,	NULL,	NULL,	'2024-10-28 14:30:14.138',	'2024-10-28 14:30:14.138'),
('145f35b8-8366-4d2c-a741-8f9ecde83074',	'58ac785b-075a-42c0-8d34-2164542f91a2',	3,	NULL,	NULL,	NULL,	NULL,	'2024-10-28 14:30:14.138',	'2024-10-28 14:30:14.138'),
('bbc847c7-43e9-4a24-b59e-5a1c5f05ec5b',	'58ac785b-075a-42c0-8d34-2164542f91a2',	20,	NULL,	NULL,	NULL,	NULL,	'2024-10-28 14:30:14.138',	'2024-10-28 14:30:14.138'),
('1b0c9ee9-529c-48e7-8100-97a85d2a4f6d',	'58ac785b-075a-42c0-8d34-2164542f91a2',	21,	NULL,	NULL,	NULL,	NULL,	'2024-10-28 14:30:14.138',	'2024-10-28 14:30:14.138'),
('cf38ae46-13b4-49b2-8e53-7f5e8674c9c4',	'cedd1e48-9f93-4eee-9eab-7b5380dd9b6d',	2,	NULL,	NULL,	NULL,	NULL,	'2024-10-28 14:30:14.138',	'2024-10-28 14:30:14.138'),
('44057826-468e-48a1-a6b1-debe19f3c152',	'cedd1e48-9f93-4eee-9eab-7b5380dd9b6d',	3,	NULL,	NULL,	NULL,	NULL,	'2024-10-28 14:30:14.138',	'2024-10-28 14:30:14.138'),
('43b82933-3527-41c5-a0d5-f703326b4086',	'cedd1e48-9f93-4eee-9eab-7b5380dd9b6d',	20,	NULL,	NULL,	NULL,	NULL,	'2024-10-28 14:30:14.138',	'2024-10-28 14:30:14.138'),
('ec8ffda1-c48d-4ce2-9875-9b4567a0d875',	'cedd1e48-9f93-4eee-9eab-7b5380dd9b6d',	21,	NULL,	NULL,	NULL,	NULL,	'2024-10-28 14:30:14.138',	'2024-10-28 14:30:14.138'),
('483919fd-9263-4e7e-b4bd-7a313c2311dc',	'1c9541b4-ddab-44e7-93d2-e8b5659f660e',	2,	NULL,	NULL,	NULL,	NULL,	'2024-10-28 14:30:14.138',	'2024-10-28 14:30:14.138'),
('99c24b76-f393-4f80-9080-f741b19f2744',	'1c9541b4-ddab-44e7-93d2-e8b5659f660e',	3,	NULL,	NULL,	NULL,	NULL,	'2024-10-28 14:30:14.138',	'2024-10-28 14:30:14.138'),
('734a0382-81a5-475c-8c00-8adc3d7fa979',	'1c9541b4-ddab-44e7-93d2-e8b5659f660e',	20,	NULL,	NULL,	NULL,	NULL,	'2024-10-28 14:30:14.138',	'2024-10-28 14:30:14.138'),
('74ec64eb-6c5b-4d39-9aa0-512847f4ad90',	'1c9541b4-ddab-44e7-93d2-e8b5659f660e',	21,	NULL,	NULL,	NULL,	NULL,	'2024-10-28 14:30:14.138',	'2024-10-28 14:30:14.138'),
('1ca10f4a-ac39-4fe3-8888-efeed674c762',	'2c36e23a-cca3-4a92-90d3-cc1eb731092e',	2,	NULL,	NULL,	NULL,	NULL,	'2024-10-28 14:30:14.138',	'2024-10-28 14:30:14.138'),
('b5b585de-4a31-47f8-846e-81a10a0f5c7e',	'2c36e23a-cca3-4a92-90d3-cc1eb731092e',	3,	NULL,	NULL,	NULL,	NULL,	'2024-10-28 14:30:14.138',	'2024-10-28 14:30:14.138'),
('37c99d05-b81b-4619-bac1-b36a88221904',	'2c36e23a-cca3-4a92-90d3-cc1eb731092e',	20,	NULL,	NULL,	NULL,	NULL,	'2024-10-28 14:30:14.138',	'2024-10-28 14:30:14.138'),
('62c0fe26-f755-4fe8-b8ce-d1db85a165ab',	'2c36e23a-cca3-4a92-90d3-cc1eb731092e',	21,	NULL,	NULL,	NULL,	NULL,	'2024-10-28 14:30:14.138',	'2024-10-28 14:30:14.138'),
('6d0c98ca-25d9-446d-88bb-5022fc65609d',	'8bb0fbbd-f5f7-4bad-bbe4-56cf425272d9',	2,	NULL,	NULL,	NULL,	NULL,	'2024-10-28 14:30:14.138',	'2024-10-28 14:30:14.138'),
('86655e79-1b4b-40ba-bf89-03494d27b4c0',	'8bb0fbbd-f5f7-4bad-bbe4-56cf425272d9',	3,	NULL,	NULL,	NULL,	NULL,	'2024-10-28 14:30:14.138',	'2024-10-28 14:30:14.138'),
('ddf84379-f2ee-473c-80bc-c0869d95251e',	'8bb0fbbd-f5f7-4bad-bbe4-56cf425272d9',	20,	NULL,	NULL,	NULL,	NULL,	'2024-10-28 14:30:14.138',	'2024-10-28 14:30:14.138'),
('81aade7d-6365-45bf-a58c-0d2a6c5074a8',	'8bb0fbbd-f5f7-4bad-bbe4-56cf425272d9',	21,	NULL,	NULL,	NULL,	NULL,	'2024-10-28 14:30:14.138',	'2024-10-28 14:30:14.138'),
('fb86b163-bfeb-4ca7-a784-f2ece4a5151b',	'781f221a-d9b5-44c2-94a4-a3630b0dc96d',	2,	NULL,	NULL,	NULL,	NULL,	'2024-10-28 14:30:14.138',	'2024-10-28 14:30:14.138'),
('23e3c197-e1fb-4107-b9d2-8702a388db44',	'781f221a-d9b5-44c2-94a4-a3630b0dc96d',	3,	NULL,	NULL,	NULL,	NULL,	'2024-10-28 14:30:14.138',	'2024-10-28 14:30:14.138'),
('96d6c12d-360e-4765-a8b9-b0b33a34aea5',	'781f221a-d9b5-44c2-94a4-a3630b0dc96d',	20,	NULL,	NULL,	NULL,	NULL,	'2024-10-28 14:30:14.138',	'2024-10-28 14:30:14.138'),
('2dfb6d1a-acbb-4d92-8eda-7c1755400a1b',	'781f221a-d9b5-44c2-94a4-a3630b0dc96d',	21,	NULL,	NULL,	NULL,	NULL,	'2024-10-28 14:30:14.138',	'2024-10-28 14:30:14.138'),
('1bec574b-c2de-4267-af2a-5e1fd1d7ef8d',	'91f6e516-ab42-4e7a-b261-b8fe0835a538',	2,	NULL,	NULL,	NULL,	NULL,	'2024-10-28 14:30:14.138',	'2024-10-28 14:30:14.138'),
('fe4759f2-427e-4973-9d47-927a2dd86d7a',	'91f6e516-ab42-4e7a-b261-b8fe0835a538',	3,	NULL,	NULL,	NULL,	NULL,	'2024-10-28 14:30:14.138',	'2024-10-28 14:30:14.138'),
('9435dda6-0adf-448f-a985-7e0f6032afd1',	'91f6e516-ab42-4e7a-b261-b8fe0835a538',	20,	NULL,	NULL,	NULL,	NULL,	'2024-10-28 14:30:14.138',	'2024-10-28 14:30:14.138'),
('2fe2ef1c-725f-4b6e-8057-fb63f3f158e0',	'91f6e516-ab42-4e7a-b261-b8fe0835a538',	21,	NULL,	NULL,	NULL,	NULL,	'2024-10-28 14:30:14.138',	'2024-10-28 14:30:14.138'),
('c3e3326c-055e-4998-9e14-949e6212d840',	'8d5ac5d9-b6ca-4d71-8f5f-6f6d27e97301',	2,	NULL,	NULL,	NULL,	NULL,	'2024-10-28 14:30:14.138',	'2024-10-28 14:30:14.138'),
('47537dc9-ecbb-4b3a-8981-14726287fc5c',	'8d5ac5d9-b6ca-4d71-8f5f-6f6d27e97301',	3,	NULL,	NULL,	NULL,	NULL,	'2024-10-28 14:30:14.138',	'2024-10-28 14:30:14.138'),
('db4b8198-2c54-4842-b3dc-1b8c25e3e2ca',	'8d5ac5d9-b6ca-4d71-8f5f-6f6d27e97301',	20,	NULL,	NULL,	NULL,	NULL,	'2024-10-28 14:30:14.138',	'2024-10-28 14:30:14.138'),
('05355c25-bfc6-4601-a303-a3c02d72e2aa',	'8d5ac5d9-b6ca-4d71-8f5f-6f6d27e97301',	21,	NULL,	NULL,	NULL,	NULL,	'2024-10-28 14:30:14.138',	'2024-10-28 14:30:14.138'),
('80a95b6d-2e04-4c35-818d-cc0d221b8f88',	'0a962b31-eaa8-4289-85f5-2e70eab94a44',	2,	NULL,	NULL,	NULL,	NULL,	'2024-10-28 14:30:14.138',	'2024-10-28 14:30:14.138'),
('d8bea3d0-77e6-4963-94cf-3bd5db9fefc5',	'0a962b31-eaa8-4289-85f5-2e70eab94a44',	3,	NULL,	NULL,	NULL,	NULL,	'2024-10-28 14:30:14.138',	'2024-10-28 14:30:14.138'),
('aed19cc6-7a0c-470b-a331-cb660c15e473',	'0a962b31-eaa8-4289-85f5-2e70eab94a44',	20,	NULL,	NULL,	NULL,	NULL,	'2024-10-28 14:30:14.138',	'2024-10-28 14:30:14.138'),
('53fa98f2-80ec-418a-b0ae-c35d5d1aa3c6',	'0a962b31-eaa8-4289-85f5-2e70eab94a44',	21,	NULL,	NULL,	NULL,	NULL,	'2024-10-28 14:30:14.138',	'2024-10-28 14:30:14.138'),
('ae73d013-d2a6-40ef-9e9c-2870a8a11266',	'50022ba6-2d94-4a8e-a3f5-0b4a0b63c5db',	2,	NULL,	NULL,	NULL,	NULL,	'2024-10-28 14:30:14.138',	'2024-10-28 14:30:14.138'),
('cadc1ca3-6393-467f-ae8c-1c4d389ec06f',	'50022ba6-2d94-4a8e-a3f5-0b4a0b63c5db',	3,	NULL,	NULL,	NULL,	NULL,	'2024-10-28 14:30:14.138',	'2024-10-28 14:30:14.138'),
('0895be96-e1f0-4830-8568-fa0263262f61',	'50022ba6-2d94-4a8e-a3f5-0b4a0b63c5db',	20,	NULL,	NULL,	NULL,	NULL,	'2024-10-28 14:30:14.138',	'2024-10-28 14:30:14.138'),
('8f803087-b19e-474d-a74e-29fb3cc204e0',	'50022ba6-2d94-4a8e-a3f5-0b4a0b63c5db',	21,	NULL,	NULL,	NULL,	NULL,	'2024-10-28 14:30:14.138',	'2024-10-28 14:30:14.138'),
('9b7fdd69-735a-42de-b2b2-91e7cab2e9c9',	'8ea2f9dd-b561-4e39-8cfd-57a7783d51da',	2,	NULL,	NULL,	NULL,	NULL,	'2024-10-28 14:30:14.138',	'2024-10-28 14:30:14.138'),
('2a12f36c-af42-432d-8e31-ed487cb75fb7',	'8ea2f9dd-b561-4e39-8cfd-57a7783d51da',	3,	NULL,	NULL,	NULL,	NULL,	'2024-10-28 14:30:14.138',	'2024-10-28 14:30:14.138'),
('475fbb4b-45e6-4182-9981-52164692561a',	'8ea2f9dd-b561-4e39-8cfd-57a7783d51da',	20,	NULL,	NULL,	NULL,	NULL,	'2024-10-28 14:30:14.138',	'2024-10-28 14:30:14.138'),
('7de0d8f3-2aed-4b85-822c-e72f892505d1',	'8ea2f9dd-b561-4e39-8cfd-57a7783d51da',	21,	NULL,	NULL,	NULL,	NULL,	'2024-10-28 14:30:14.138',	'2024-10-28 14:30:14.138'),
('d0317c1b-134d-4c8f-889c-9c2b32999a23',	'1f4f0df6-4e5d-4e10-a793-27826ccb5c52',	2,	NULL,	NULL,	NULL,	NULL,	'2024-10-28 14:30:14.138',	'2024-10-28 14:30:14.138'),
('aa9677b5-063b-4b23-b63e-331bb4d085b9',	'1f4f0df6-4e5d-4e10-a793-27826ccb5c52',	3,	NULL,	NULL,	NULL,	NULL,	'2024-10-28 14:30:14.138',	'2024-10-28 14:30:14.138'),
('304917f6-ef03-42cb-befd-e2b1d718924f',	'1f4f0df6-4e5d-4e10-a793-27826ccb5c52',	20,	NULL,	NULL,	NULL,	NULL,	'2024-10-28 14:30:14.138',	'2024-10-28 14:30:14.138'),
('d0c1b98d-ecc9-4b15-9efc-814627168d22',	'1f4f0df6-4e5d-4e10-a793-27826ccb5c52',	21,	NULL,	NULL,	NULL,	NULL,	'2024-10-28 14:30:14.138',	'2024-10-28 14:30:14.138'),
('0a559b4e-febd-4203-abcc-cf419be0e954',	'4e4519f3-0ec4-4f77-b521-7097684c9e7d',	2,	NULL,	NULL,	NULL,	NULL,	'2024-10-28 14:30:14.138',	'2024-10-28 14:30:14.138'),
('3380625a-f559-4550-8f52-566eed11f6ec',	'4e4519f3-0ec4-4f77-b521-7097684c9e7d',	3,	NULL,	NULL,	NULL,	NULL,	'2024-10-28 14:30:14.138',	'2024-10-28 14:30:14.138'),
('6d5139d3-75cd-4304-b5b7-175b2061b097',	'4e4519f3-0ec4-4f77-b521-7097684c9e7d',	20,	NULL,	NULL,	NULL,	NULL,	'2024-10-28 14:30:14.138',	'2024-10-28 14:30:14.138'),
('0a338a28-bbd5-46b4-a717-1f4d8734fbf3',	'4e4519f3-0ec4-4f77-b521-7097684c9e7d',	21,	NULL,	NULL,	NULL,	NULL,	'2024-10-28 14:30:14.138',	'2024-10-28 14:30:14.138'),
('3026b519-c680-4139-8f17-1b5c53686643',	'23075be4-5b24-4092-bcd3-c8add9ebb5f3',	2,	NULL,	NULL,	NULL,	NULL,	'2024-10-28 14:30:14.138',	'2024-10-28 14:30:14.138'),
('291e3b1a-9306-40a1-8bd1-6a95a9881b3d',	'23075be4-5b24-4092-bcd3-c8add9ebb5f3',	3,	NULL,	NULL,	NULL,	NULL,	'2024-10-28 14:30:14.138',	'2024-10-28 14:30:14.138'),
('264cab52-cb01-451a-b07e-16559d0f4c63',	'23075be4-5b24-4092-bcd3-c8add9ebb5f3',	20,	NULL,	NULL,	NULL,	NULL,	'2024-10-28 14:30:14.138',	'2024-10-28 14:30:14.138'),
('eac3447c-de8c-4897-9c22-787cdeedc1f4',	'23075be4-5b24-4092-bcd3-c8add9ebb5f3',	21,	NULL,	NULL,	NULL,	NULL,	'2024-10-28 14:30:14.138',	'2024-10-28 14:30:14.138'),
('15baff49-b8fb-4e58-81f8-204309fb3da9',	'6637e5e5-d4a3-4a5d-94bc-2c4da6e80958',	2,	NULL,	NULL,	NULL,	NULL,	'2024-10-28 14:30:14.138',	'2024-10-28 14:30:14.138'),
('4e26e512-9329-43bf-b4ee-e6c1eeea0c7f',	'6637e5e5-d4a3-4a5d-94bc-2c4da6e80958',	3,	NULL,	NULL,	NULL,	NULL,	'2024-10-28 14:30:14.138',	'2024-10-28 14:30:14.138'),
('f5e46d8d-46de-4ef9-b8e4-852a024d1b99',	'6637e5e5-d4a3-4a5d-94bc-2c4da6e80958',	20,	NULL,	NULL,	NULL,	NULL,	'2024-10-28 14:30:14.138',	'2024-10-28 14:30:14.138'),
('baaa22ae-a087-49e8-b0f7-2e5e12eb51d9',	'6637e5e5-d4a3-4a5d-94bc-2c4da6e80958',	21,	NULL,	NULL,	NULL,	NULL,	'2024-10-28 14:30:14.138',	'2024-10-28 14:30:14.138'),
('26dc6e91-87e5-4df7-896c-16f04a7091e9',	'e4292874-477e-4294-ad8a-1ca2cfa7a983',	2,	NULL,	NULL,	NULL,	NULL,	'2024-10-28 14:30:14.138',	'2024-10-28 14:30:14.138'),
('1044ed9e-21ae-4ad4-801e-11d11f8b683c',	'e4292874-477e-4294-ad8a-1ca2cfa7a983',	3,	NULL,	NULL,	NULL,	NULL,	'2024-10-28 14:30:14.138',	'2024-10-28 14:30:14.138'),
('2c64b812-a0be-4071-8f36-d2377f3cd52b',	'e4292874-477e-4294-ad8a-1ca2cfa7a983',	20,	NULL,	NULL,	NULL,	NULL,	'2024-10-28 14:30:14.138',	'2024-10-28 14:30:14.138'),
('e2119b7e-eb69-4025-a41c-46a3af3cfcf6',	'e4292874-477e-4294-ad8a-1ca2cfa7a983',	21,	NULL,	NULL,	NULL,	NULL,	'2024-10-28 14:30:14.138',	'2024-10-28 14:30:14.138'),
('564efa8d-f8c4-4a0c-8863-9ebd93eaa469',	'de26261b-67c6-4acb-92f0-a5c9197d8011',	2,	NULL,	NULL,	NULL,	NULL,	'2024-10-28 14:30:14.138',	'2024-10-28 14:30:14.138'),
('1e2d836a-f158-4a36-8bba-6663760f4f74',	'de26261b-67c6-4acb-92f0-a5c9197d8011',	3,	NULL,	NULL,	NULL,	NULL,	'2024-10-28 14:30:14.138',	'2024-10-28 14:30:14.138'),
('94501e2c-2e6f-4a57-ba38-2ac2851bb63f',	'de26261b-67c6-4acb-92f0-a5c9197d8011',	21,	NULL,	NULL,	NULL,	NULL,	'2024-10-28 14:30:14.138',	'2024-10-28 14:30:14.138'),
('b2ccdb12-5f83-4d1a-9ad1-83b248d45470',	'7443fb5e-3b52-4baf-87b1-3182b40c70f6',	2,	NULL,	NULL,	NULL,	NULL,	'2024-10-28 14:30:14.138',	'2024-10-28 14:30:14.138'),
('10782c9c-0743-4292-bc3a-72f5362f6e13',	'7443fb5e-3b52-4baf-87b1-3182b40c70f6',	3,	NULL,	NULL,	NULL,	NULL,	'2024-10-28 14:30:14.138',	'2024-10-28 14:30:14.138'),
('2f49f76a-7d9d-4f9a-8954-9e40b5067133',	'7443fb5e-3b52-4baf-87b1-3182b40c70f6',	20,	NULL,	NULL,	NULL,	NULL,	'2024-10-28 14:30:14.138',	'2024-10-28 14:30:14.138'),
('9614bf9d-1819-4e22-b005-8eb05636bbd6',	'7443fb5e-3b52-4baf-87b1-3182b40c70f6',	21,	NULL,	NULL,	NULL,	NULL,	'2024-10-28 14:30:14.138',	'2024-10-28 14:30:14.138'),
('bdebbd48-dc2d-44ff-8ea0-46462bc058cf',	'4c5ab9df-732e-419d-a5d9-e040a80c87e0',	2,	NULL,	NULL,	NULL,	NULL,	'2024-10-28 14:30:14.138',	'2024-10-28 14:30:14.138'),
('b46d3edc-6f1b-4135-8676-01b37315bda1',	'4c5ab9df-732e-419d-a5d9-e040a80c87e0',	3,	NULL,	NULL,	NULL,	NULL,	'2024-10-28 14:30:14.138',	'2024-10-28 14:30:14.138'),
('5581a785-9c72-4b90-872f-2ec579a806c1',	'4c5ab9df-732e-419d-a5d9-e040a80c87e0',	20,	NULL,	NULL,	NULL,	NULL,	'2024-10-28 14:30:14.138',	'2024-10-28 14:30:14.138'),
('15be4a9c-17b6-43e8-809e-5535e35131eb',	'4c5ab9df-732e-419d-a5d9-e040a80c87e0',	21,	NULL,	NULL,	NULL,	NULL,	'2024-10-28 14:30:14.138',	'2024-10-28 14:30:14.138'),
('1c115922-b562-4fe1-aa5c-0302139e0e63',	'6c39d13f-fc1f-4888-a547-ad6637fb1843',	2,	NULL,	NULL,	NULL,	NULL,	'2024-10-28 14:30:14.138',	'2024-10-28 14:30:14.138'),
('fdc8e9ac-904e-4069-ac5b-f39d7d26735d',	'6c39d13f-fc1f-4888-a547-ad6637fb1843',	3,	NULL,	NULL,	NULL,	NULL,	'2024-10-28 14:30:14.138',	'2024-10-28 14:30:14.138'),
('5a1ca21c-3bc6-40f5-b960-9a53cf4085c2',	'6c39d13f-fc1f-4888-a547-ad6637fb1843',	20,	NULL,	NULL,	NULL,	NULL,	'2024-10-28 14:30:14.138',	'2024-10-28 14:30:14.138'),
('91ae3729-f8a4-4f0d-b791-85a4e211990c',	'6c39d13f-fc1f-4888-a547-ad6637fb1843',	21,	NULL,	NULL,	NULL,	NULL,	'2024-10-28 14:30:14.138',	'2024-10-28 14:30:14.138'),
('2b993cab-a806-46b7-ae2b-69eacf7d3357',	'de26261b-67c6-4acb-92f0-a5c9197d8011',	20,	'Hadir',	NULL,	NULL,	'123241',	'2024-10-28 14:36:05.846',	'2024-10-28 14:36:05.846');

DROP TABLE IF EXISTS "absent_date";
CREATE TABLE "public"."absent_date" (
    "id" text NOT NULL,
    "date" date NOT NULL,
    "dayStatus" character varying(100) NOT NULL,
    "information" text,
    "createdAt" timestamp(3) DEFAULT CURRENT_TIMESTAMP NOT NULL,
    "updatedAt" timestamp(3) DEFAULT CURRENT_TIMESTAMP NOT NULL,
    CONSTRAINT "absent_date_date_key" UNIQUE ("date"),
    CONSTRAINT "absent_date_pkey" PRIMARY KEY ("id")
) WITH (oids = false);

INSERT INTO "absent_date" ("id", "date", "dayStatus", "information", "createdAt", "updatedAt") VALUES
('06e06288-23a2-4b34-b38c-ae50f2014482',	'2024-10-01',	'Kerja',	'1234',	'2024-10-28 14:30:14.123',	'2024-10-28 14:30:14.123'),
('d5db12f2-ee58-464f-8b37-18d222f5d04f',	'2024-10-02',	'Kerja',	'1234',	'2024-10-28 14:30:14.123',	'2024-10-28 14:30:14.123'),
('dc2be5e8-787c-46f9-b9c1-9d26e6a939d1',	'2024-10-03',	'Kerja',	'1234',	'2024-10-28 14:30:14.123',	'2024-10-28 14:30:14.123'),
('d9fbb983-df47-468f-98e4-be2ded9b9edf',	'2024-10-04',	'Kerja',	'1234',	'2024-10-28 14:30:14.123',	'2024-10-28 14:30:14.123'),
('37f3f786-593d-4d93-9036-6abe4abd82a4',	'2024-10-05',	'Kerja',	'1234',	'2024-10-28 14:30:14.123',	'2024-10-28 14:30:14.123'),
('1228ee82-a63e-4b5d-b0d1-a6ff7a218205',	'2024-10-06',	'Kerja',	'1234',	'2024-10-28 14:30:14.123',	'2024-10-28 14:30:14.123'),
('ff32b466-56c2-4e81-b8c0-d6e34a57f7ce',	'2024-10-07',	'Kerja',	'1234',	'2024-10-28 14:30:14.123',	'2024-10-28 14:30:14.123'),
('bb515ebc-34c3-40c4-9d25-59a23fe3a93c',	'2024-10-08',	'Kerja',	'1234',	'2024-10-28 14:30:14.123',	'2024-10-28 14:30:14.123'),
('32e7bc77-5dac-42f1-843c-df4570ed208b',	'2024-10-09',	'Kerja',	'1234',	'2024-10-28 14:30:14.123',	'2024-10-28 14:30:14.123'),
('aa66460b-ac2d-4781-bcac-8143371f1211',	'2024-10-10',	'Kerja',	'1234',	'2024-10-28 14:30:14.123',	'2024-10-28 14:30:14.123'),
('9b53293b-20b5-40e8-a0ee-e08ef5cf8940',	'2024-10-11',	'Kerja',	'1234',	'2024-10-28 14:30:14.123',	'2024-10-28 14:30:14.123'),
('58ac785b-075a-42c0-8d34-2164542f91a2',	'2024-10-12',	'Kerja',	'1234',	'2024-10-28 14:30:14.123',	'2024-10-28 14:30:14.123'),
('cedd1e48-9f93-4eee-9eab-7b5380dd9b6d',	'2024-10-13',	'Kerja',	'1234',	'2024-10-28 14:30:14.123',	'2024-10-28 14:30:14.123'),
('1c9541b4-ddab-44e7-93d2-e8b5659f660e',	'2024-10-14',	'Kerja',	'1234',	'2024-10-28 14:30:14.123',	'2024-10-28 14:30:14.123'),
('2c36e23a-cca3-4a92-90d3-cc1eb731092e',	'2024-10-15',	'Kerja',	'1234',	'2024-10-28 14:30:14.123',	'2024-10-28 14:30:14.123'),
('8bb0fbbd-f5f7-4bad-bbe4-56cf425272d9',	'2024-10-16',	'Kerja',	'1234',	'2024-10-28 14:30:14.123',	'2024-10-28 14:30:14.123'),
('781f221a-d9b5-44c2-94a4-a3630b0dc96d',	'2024-10-17',	'Kerja',	'1234',	'2024-10-28 14:30:14.123',	'2024-10-28 14:30:14.123'),
('91f6e516-ab42-4e7a-b261-b8fe0835a538',	'2024-10-18',	'Kerja',	'1234',	'2024-10-28 14:30:14.123',	'2024-10-28 14:30:14.123'),
('8d5ac5d9-b6ca-4d71-8f5f-6f6d27e97301',	'2024-10-19',	'Kerja',	'1234',	'2024-10-28 14:30:14.123',	'2024-10-28 14:30:14.123'),
('0a962b31-eaa8-4289-85f5-2e70eab94a44',	'2024-10-20',	'Kerja',	'1234',	'2024-10-28 14:30:14.123',	'2024-10-28 14:30:14.123'),
('50022ba6-2d94-4a8e-a3f5-0b4a0b63c5db',	'2024-10-21',	'Kerja',	'1234',	'2024-10-28 14:30:14.123',	'2024-10-28 14:30:14.123'),
('8ea2f9dd-b561-4e39-8cfd-57a7783d51da',	'2024-10-22',	'Kerja',	'1234',	'2024-10-28 14:30:14.123',	'2024-10-28 14:30:14.123'),
('1f4f0df6-4e5d-4e10-a793-27826ccb5c52',	'2024-10-23',	'Kerja',	'1234',	'2024-10-28 14:30:14.123',	'2024-10-28 14:30:14.123'),
('4e4519f3-0ec4-4f77-b521-7097684c9e7d',	'2024-10-24',	'Kerja',	'1234',	'2024-10-28 14:30:14.123',	'2024-10-28 14:30:14.123'),
('23075be4-5b24-4092-bcd3-c8add9ebb5f3',	'2024-10-25',	'Kerja',	'1234',	'2024-10-28 14:30:14.123',	'2024-10-28 14:30:14.123'),
('6637e5e5-d4a3-4a5d-94bc-2c4da6e80958',	'2024-10-26',	'Kerja',	'1234',	'2024-10-28 14:30:14.123',	'2024-10-28 14:30:14.123'),
('e4292874-477e-4294-ad8a-1ca2cfa7a983',	'2024-10-27',	'Kerja',	'1234',	'2024-10-28 14:30:14.123',	'2024-10-28 14:30:14.123'),
('de26261b-67c6-4acb-92f0-a5c9197d8011',	'2024-10-28',	'Kerja',	'1234',	'2024-10-28 14:30:14.123',	'2024-10-28 14:30:14.123'),
('7443fb5e-3b52-4baf-87b1-3182b40c70f6',	'2024-10-29',	'Kerja',	'1234',	'2024-10-28 14:30:14.123',	'2024-10-28 14:30:14.123'),
('4c5ab9df-732e-419d-a5d9-e040a80c87e0',	'2024-10-30',	'Kerja',	'1234',	'2024-10-28 14:30:14.123',	'2024-10-28 14:30:14.123'),
('6c39d13f-fc1f-4888-a547-ad6637fb1843',	'2024-10-31',	'Kerja',	'1234',	'2024-10-28 14:30:14.123',	'2024-10-28 14:30:14.123');

DROP TABLE IF EXISTS "access_token";
CREATE TABLE "public"."access_token" (
    "id" text NOT NULL,
    "userId" integer NOT NULL,
    "token" character varying(255),
    "expired" timestamp(3),
    "createdAt" timestamp(3) DEFAULT CURRENT_TIMESTAMP NOT NULL,
    "updatedAt" timestamp(3) DEFAULT CURRENT_TIMESTAMP NOT NULL,
    CONSTRAINT "access_token_pkey" PRIMARY KEY ("id"),
    CONSTRAINT "access_token_token_key" UNIQUE ("token"),
    CONSTRAINT "access_token_userId_key" UNIQUE ("userId")
) WITH (oids = false);

INSERT INTO "access_token" ("id", "userId", "token", "expired", "createdAt", "updatedAt") VALUES
('0504a133-a2ec-40ea-b30c-0ee75deab562',	1,	'eyJhbGciOiJIUzI1NiIsInR5cCI6IkpXVCJ9.eyJpZCI6IjA1MDRhMTMzLWEyZWMtNDBlYS1iMzBjLTBlZTc1ZGVhYjU2MiIsImlhdCI6MTcyOTkxMDgzNCwiZXhwIjoxNzMwNTE1NjM0fQ.i2aYFJNz4mDTrlpooe4OmnENuniPTi5a9Cwg5-1UoJ8',	'2024-11-02 02:47:14.054',	'2024-10-26 02:47:14.227',	'2024-10-26 02:47:14.232'),
('a10b2953-ff59-4402-8712-d3c26ff9247a',	2,	'eyJhbGciOiJIUzI1NiIsInR5cCI6IkpXVCJ9.eyJpZCI6ImExMGIyOTUzLWZmNTktNDQwMi04NzEyLWQzYzI2ZmY5MjQ3YSIsImlhdCI6MTcyOTkxMDg4OSwiZXhwIjoxNzMwNTE1Njg5fQ.FIZTySeBeyDLDIP37nyasvPLXwDpirMvT547D6FGmDk',	'2024-11-02 02:48:09.542',	'2024-10-26 02:48:09.718',	'2024-10-26 02:48:09.72');

DROP TABLE IF EXISTS "otp";
DROP SEQUENCE IF EXISTS otp_id_seq;
CREATE SEQUENCE otp_id_seq INCREMENT 1 MINVALUE 1 MAXVALUE 2147483647 CACHE 1;

CREATE TABLE "public"."otp" (
    "id" integer DEFAULT nextval('otp_id_seq') NOT NULL,
    "userId" integer NOT NULL,
    "email" character varying(255) NOT NULL,
    "otp" character varying(255) NOT NULL,
    "createdAt" timestamp(3) DEFAULT CURRENT_TIMESTAMP NOT NULL,
    "updatedAt" timestamp(3) DEFAULT CURRENT_TIMESTAMP NOT NULL,
    CONSTRAINT "otp_pkey" PRIMARY KEY ("id"),
    CONSTRAINT "otp_userId_key" UNIQUE ("userId")
) WITH (oids = false);


DROP TABLE IF EXISTS "permission";
DROP SEQUENCE IF EXISTS permission_id_seq;
CREATE SEQUENCE permission_id_seq INCREMENT 1 MINVALUE 1 MAXVALUE 2147483647 CACHE 1;

CREATE TABLE "public"."permission" (
    "id" integer DEFAULT nextval('permission_id_seq') NOT NULL,
    "userId" integer NOT NULL,
    "permission" character varying(255) NOT NULL,
    "information" text,
    "photo" character varying(255),
    "verify" character varying(50) NOT NULL,
    "createdAt" timestamp(3) DEFAULT CURRENT_TIMESTAMP NOT NULL,
    "updatedAt" timestamp(3) DEFAULT CURRENT_TIMESTAMP NOT NULL,
    CONSTRAINT "permission_pkey" PRIMARY KEY ("id")
) WITH (oids = false);

INSERT INTO "permission" ("id", "userId", "permission", "information", "photo", "verify", "createdAt", "updatedAt") VALUES
(1,	2,	'Sakit',	'214412',	'public/permissionImg/2024-10-28T14-28-15-019Z.png',	'Diajukan',	'2024-10-28 14:28:15.021',	'2024-10-28 14:28:15.021'),
(2,	3,	'Izin',	'12414',	'public/permissionImg/2024-10-28T14-28-25-138Z.png',	'Diajukan',	'2024-10-28 14:28:25.139',	'2024-10-28 14:28:25.139');

DROP TABLE IF EXISTS "user";
DROP SEQUENCE IF EXISTS user_id_seq;
CREATE SEQUENCE user_id_seq INCREMENT 1 MINVALUE 1 MAXVALUE 2147483647 CACHE 1;

CREATE TABLE "public"."user" (
    "id" integer DEFAULT nextval('user_id_seq') NOT NULL,
    "name" character varying(255) NOT NULL,
    "email" character varying(255) NOT NULL,
    "password" character varying(255) NOT NULL,
    "nip" character varying(255),
    "employeeStatus" character varying(255),
    "role" character varying(255) NOT NULL,
    "photo" character varying(255),
    "qrCode" character varying(20),
    "createdAt" timestamp(3) DEFAULT CURRENT_TIMESTAMP NOT NULL,
    "updatedAt" timestamp(3) DEFAULT CURRENT_TIMESTAMP NOT NULL,
    CONSTRAINT "user_email_key" UNIQUE ("email"),
    CONSTRAINT "user_pkey" PRIMARY KEY ("id"),
    CONSTRAINT "user_qrCode_key" UNIQUE ("qrCode")
) WITH (oids = false);

INSERT INTO "user" ("id", "name", "email", "password", "nip", "employeeStatus", "role", "photo", "qrCode", "createdAt", "updatedAt") VALUES
(2,	'John Doe',	'john@gmail.com',	'$2b$12$uMKg5yXW/Pf/ULF88F3aR.GWv2TBAJfZgabOWcYmnFUDar5yKZmHe',	' ',	'PNS',	'user',	'public/userImg/2024-10-28T14-38-29-179Z.png',	'ETthmdfN_AZ419-WevYF',	'2024-10-26 02:43:46.88',	'2024-10-28 14:39:47.446'),
(21,	'Jack Marston',	'jack@gmail.com',	'$2b$12$3LDqCNjDObsYtQUZpao8fuxC6iUfC4UNYmNzNQ49j4oGVC2mIKjNu',	' ',	'PNS',	'user',	'',	NULL,	'2024-10-28 14:10:00.297',	'2024-10-28 14:10:00.297'),
(3,	'Jane Doe',	'jane@example.com',	'$2b$12$LodQN/w6CwUuvSVbGzXtZeY0OBo.9mqLTOuagyMjigRdngp6qLzbC',	'',	'PPPK',	'user',	'',	NULL,	'2024-10-28 13:40:06.28',	'2024-10-28 14:15:20.833'),
(20,	'Arthur',	'arthur@example.com',	'$2b$12$4C0od0qem6ahJLBhGYKpX.HlL73oknAb9lyiJYJKJlCwCHk78gR06',	' ',	'Honorer',	'user',	'',	NULL,	'2024-10-28 14:09:44.469',	'2024-10-28 14:15:25.468'),
(1,	'admin',	'test@gmail.com',	'$2b$12$A9RDIlzBRddFOVMGKyxk9.qvnY5Km7aeXyusoDwHvMB2A/0jPb5ey',	'19961212 202201 1 001',	'PNS',	'admin',	'public/userImg/2024-10-28T14-37-33-399Z.png',	NULL,	'2024-10-26 02:43:46.88',	'2024-10-28 14:37:56.303');

ALTER TABLE ONLY "public"."absent" ADD CONSTRAINT "absent_absentDateId_fkey" FOREIGN KEY ("absentDateId") REFERENCES absent_date(id) ON UPDATE CASCADE ON DELETE CASCADE NOT DEFERRABLE;
ALTER TABLE ONLY "public"."absent" ADD CONSTRAINT "absent_userId_fkey" FOREIGN KEY ("userId") REFERENCES "user"(id) ON UPDATE CASCADE ON DELETE CASCADE NOT DEFERRABLE;

ALTER TABLE ONLY "public"."access_token" ADD CONSTRAINT "access_token_userId_fkey" FOREIGN KEY ("userId") REFERENCES "user"(id) ON UPDATE CASCADE ON DELETE CASCADE NOT DEFERRABLE;

ALTER TABLE ONLY "public"."otp" ADD CONSTRAINT "otp_userId_fkey" FOREIGN KEY ("userId") REFERENCES "user"(id) ON UPDATE CASCADE ON DELETE CASCADE NOT DEFERRABLE;

ALTER TABLE ONLY "public"."permission" ADD CONSTRAINT "permission_userId_fkey" FOREIGN KEY ("userId") REFERENCES "user"(id) ON UPDATE CASCADE ON DELETE CASCADE NOT DEFERRABLE;

-- 2024-11-17 12:30:32.895257+00
